step,total_steps,loss,reward_avg,avg_response_len
1,50,-0.000000,0.000000,700.000000
2,50,-0.000000,0.000000,700.000000
3,50,-36.795174,0.750000,700.000000
4,50,-0.000000,0.000000,700.000000
5,50,-0.000000,0.000000,700.000000
6,50,-14.839241,0.250000,700.000000
7,50,-0.000000,0.000000,700.000000
8,50,-3.518661,0.750000,700.000000
9,50,-0.000000,0.000000,700.000000
10,50,-0.000000,0.000000,700.000000
